Model Number,Unit Price,Quantity
BZLrXKvGUk,847,151
yZxToFkSrZ,402,866
PzAXhSDByl,772,798
VRGQKuKAdX,570,309
NALZCWqkTD,544,64
sBSeIRSYLm,201,738
BGEnjDFofB,819,350
cmOVowruko,386,844
XXhsWBoKvd,829,164
MWrSsSOrcy,942,636
PxxiTWqTgc,524,958
CuqhjPmNUs,317,648
iPMYCpeJAH,299,446
JhRBPNeBjy,629,36
zgcpJvcxjb,225,875
GulzxoYiGu,921,834
bqgMUyOSsB,775,34
ZIhYLuqyWc,368,235
ssvWsNIDFZ,639,270
AAZCFsmAna,365,237
eQpZWawokE,728,480
CNdsaYtIEy,474,291
QrWgsBnlWR,273,718
nBtiKMURzQ,991,797
rRcrovtEYB,379,244
dzwxDSARdJ,270,894
HoPxgKFZvs,619,850
msbjgoCXRY,119,866
tOKCcitgiW,490,70
MKdNokKgIN,445,718
VsyzSXYRcX,741,889
XVNZtXJAOW,755,756
YyUWCvyeGO,394,442
EkTmrXlBxO,942,73
evPIVyrjBW,533,112
YxrmhtRUaS,907,972
tRANRLauyF,157,591
hqjlcZdXVw,560,214
PozkpSwgfe,504,325
cOdbhDXWhG,919,573
fbNWlIPPkG,383,608
FcFTIzIHLm,427,999
kPrVMFcrzt,449,41
psGnvBayrf,112,937
fQzvukgyDg,412,142
RSlLvYMqry,387,744
XQGGhfjhFC,982,522
triggUSemF,432,474
AMltVltpHU,109,775
mLBepBuQnn,667,570
KLezySYOFZ,658,737
SrZpFQVOQi,646,788
oKZZcjUGgK,824,635
HIBVfpqRoy,211,139
eKQNzcfclF,754,713
xwEPoPeenV,358,999
HMmfMANfoR,709,606
nqMdzPAPfn,922,294
lDBEBglsvJ,216,526
TDDcZFGMnG,245,878
iratWtIVEc,793,289
uyKzYnMNrX,370,935
rrZmLozMyk,247,841
SWdRGTElRB,678,309
uiFQccUCXU,476,757
mYuyQIyGnd,789,502
TToNcmIrYr,714,953
MwycTXQIkr,991,691
tkZBdxIuhS,463,308
tcJepPjwIt,850,710
BCFTDsKrkl,469,15
qqLgphqVak,327,63
OrwXiEkDmU,452,454
RseVcDrAxL,433,602
ROBuPYzUlS,282,823
JtxtgUUvYi,948,557
vPsXIqAlYq,374,160
MdJJwHOUQk,171,351
wxFgBewScU,864,16
TGuzWPZPbi,704,9
iPHIhlfNUG,442,485
MzqIBOLijK,465,264
DNZeyhyHhq,666,790
FeqlpNuXUF,389,362
DTgFOeYIQk,108,28
fufMXDfEKG,853,858
VRdxEZnVZh,392,440
PJGSMeiNmf,811,855
dnjwxJklat,789,984
DeHYLpkPSQ,344,422
vKjALkFkGF,758,243
bgKDohfayi,382,373
eIuSNmOEmN,473,552
pRGkkjEZkf,174,975
XhjDiNFwkr,674,827
EWEVuekkyc,106,619
hHwUGIdrZb,834,624
PFsAbvQiHX,288,849
TpgYNTwrYO,106,242
VGaUaJbbth,881,745
buHmOswRAt,996,892
ESzEBZREAv,120,333
jofahpNVIm,213,883
YYbetYBKLM,263,100
xBeVZWvRvQ,953,294
GCgwjpAcvT,196,906
lpFWziMZkF,782,910
bivbOHIdnB,645,140
idjOSLOxhi,938,905
dEkGyVYvTu,793,538
dWaCVfBcXx,607,86
UvLvUqjJIb,266,950
idJVGvHWQE,964,38
jJseARNoJW,413,508
zOdtZwCNzH,785,766
LmyloFYsVb,723,514
fYstCtFOUu,692,110
OIZfSzkFsJ,262,766
CAUIDYhMfx,782,867
bDBqaaWWzD,472,43
wgQYLsDMoE,562,433
OTmYOaZwaN,787,240
ZhYmTERgoB,265,419
dOeckJmtrL,372,40
CQiKqUVjFN,904,743
PJquQJgFQa,256,435
vcamLGfScx,121,658
eNcaXVyArF,608,446
rHfyBfaUNK,298,777
uTvpPQVuLE,268,626
mUGymPscGI,231,603
goVbcmazoM,217,349
uAoWvJBaQH,337,233
IZmYRaVUXD,499,506
ZQDFDmsiPE,316,661
eTAoMOYTWL,384,185
ndbgYmewAR,387,277
LxnvgBIawf,776,869
FxGDAFTalH,407,503
ZZHewzcDpj,283,806
dzBDpSrYLi,501,222
jpfNewTpFJ,345,603
WYrBKmHvKd,795,602
KlTyxXXPCW,988,870
tFSyxGerzs,924,651
qTLVJUsbrA,209,158
dOskKPtOwD,753,470
xaCatfMDmr,877,34
RfeWeICEMP,120,439
RfCTYlpfiD,937,644
WuLIeLSZkZ,944,646
FBKHqvumcm,317,596
yXvFgfJxbf,644,989
nRWjhAxTkD,738,789
mcHuxVhjqb,730,932
GDNVvNqDxc,812,674
ImuIVGrIfz,551,637
fSIaAToYkJ,132,621
lylYKgXVIh,113,985
OxfvEnlIjQ,321,978
rJdBRKDWnE,273,605
bhNsyRauIf,130,868
RKAEgfKZbk,689,446
QtRLDAlSVP,205,441
ziECqPtvob,891,341
PBrZGadeSe,329,123
vuuzaTbZew,751,681
SCFMmjNXTa,874,774
ZnbEWBivgO,546,823
HNcQjxjsDV,458,618
PMODpxVAFi,291,26
VrkObZEjBY,134,146
eBVmicPlzc,174,465
KnRTaEasvp,389,292
oOXTYgUSwL,317,983
MUukWwEPQD,532,450
SNrGRfffBF,431,333
BrJExvBOGd,663,496
JSnBUtqLCz,477,849
SrjEglpwVI,484,645
TygOJQXsiE,938,898
sbFprwYoHJ,739,613
SWDDJdCBeY,202,6
UboDxLZvok,154,258
xvsxuDdDOL,772,711
ePjlDrjxOK,254,417
isXpmCdvvX,133,216
xkTubquCtJ,119,274
AhOAXlNiDH,518,699
hgQLKnIKiF,600,615
XTJEQUuCFi,449,886
TzvqIrSQQF,911,320
NhyzepzyKn,872,758
jDaRYfvMWL,874,308
xvlRHvKcTt,763,195
ilXIRpjvoC,233,903
PiaeURCRJg,394,83
xJSlOHbDid,328,541
JiuZwehEvP,846,623
LqKsgqywsA,442,942
uXzyzlngUK,272,872
VylVpfAYMo,310,478
HZqhAdjHTt,278,217
DLadcFnkfj,174,863
vhAUHUhaan,564,761
HGqUHqegmK,141,901
pgTjGVnNDg,939,642
yoSihEEcIq,307,439
HcpAaegsXM,764,581
xQQLLBYuAz,875,537
oyIVctffwK,959,958
zwXOiouJCe,786,489
iprXPkXfuv,195,836
PTUYbpvYHt,132,379
GrHYDreAxA,841,651
vVpImiyBWp,767,687
OPEEkdTUoq,313,24
kISPpAQXnP,683,987
isiAHkyEBr,811,715
KnctGmaYIS,839,141
TYtCvbciem,554,869
owZOIDxxwa,281,507
oSxAoiuswm,314,893
gQpskIzqAu,715,316
EUMayfwOGB,854,125
fEQZGxCEEU,811,502
FtzbRQNygH,350,713
aOyaMDegyM,379,411
fPBlqYZBjw,938,235
xKYaQWjzEY,714,309
UfXcLDZuKl,794,905
pXHyKQtBND,133,305
lyfmolaunI,225,171
VAgpYDitLi,904,667
BUZFlJTPcC,306,74
UkIeevfiVY,858,609
BYLVsHuWsi,798,96
OnlCSHLsfj,353,485
FkcFuxeSxf,693,576
yKYPaJAjdL,325,292
gEuIdgoCpG,100,957
mNHiUUrkbm,384,294
QAMFEuiCfV,656,126
TmYBuvqnYr,945,59
cYCjaKWCzq,587,351
gLPECGvXzE,461,686
szJnuArzGH,314,456
bxlOqaJvru,417,734
AwWnFiFpMw,963,871
PToGXtAozj,544,255
XPdbZcNLPU,896,101
UnaxRDOCOd,394,321
DLjDMZEKVj,474,847
xTCkAyoACX,389,465
PapCMWWqzh,634,558
ZSkOouSofR,797,78
ForUpLMguz,422,96
oWOeTeaFde,320,816
UBsyaENtOP,162,507
qwqgyarCWQ,565,938
JQhIOFyrmf,361,974
cfaekcaoCd,209,469
ZKWlDTMFXI,605,920
OSeMPoqSPb,717,869
sfbLnjVQQj,149,845
xkYTBnSSCd,802,105
kSoGEzAYUS,165,471
SXnICGtzPE,245,445
KQhbsTQsBP,933,247
pfhBGFcdWw,451,48
AxBfjEFCWC,580,315
xXABozxHOO,170,638
EDhxLaLPRG,999,477
XuFQNcHJIR,438,330
jEoNnRmAvo,811,211
JxgdChvmpK,263,276
WpaROyOPsm,207,89
PyAolZXfZk,592,794
jihIVUKuiO,824,405
wSQmSIbiFb,374,60
aTSvmrjFdT,748,85
BsZipUCzSm,356,413
FrasuTMbAC,437,14
HXRqnfBxfE,794,689
DFagiZpkYl,563,914
zzwczymDVD,285,296
hOejbyTmJY,838,689
MSPIeNZFtA,658,459
zKzgQdKTBV,694,132
EdpWNaKjps,642,2
BWpKYGtfts,890,600
OEYDvlSBVA,481,87
GTOBdDhoWR,645,180
BpPrintaVv,508,383
fKLdmQNfxv,200,309
mIiSHAsoyo,892,75
DOgrlzyDtQ,994,945
ylvYIdpyLW,639,50
yrRJxxLzBX,200,391
eFjBgkbuIQ,737,824
xFzBCOoiFf,390,134
mgelKysXFQ,652,983
RgjtLoetfQ,909,19
CjRPVCtdkM,643,390
zDfnjTFDjK,380,787
GNuxwErCbT,664,328
ZaZYLJGEMs,204,687
GmrxstwgYP,846,648
wLlzZhktME,969,169
fdvHlrAtsd,674,48
hTUQUsSTAb,263,848
RfUZXxqbjX,727,237
pWYwPHVTbE,663,850
BpvfBnGpHm,889,873
MpciUGZfdN,963,569
ErDfGZpasi,694,343
zSURGTMvoi,429,227
FPKlMwgjdq,838,428
dPVpHLndzq,792,284
WDBnsHUAdT,677,51
RzZlLBDALI,524,627
KlIyMorqUi,950,411
ldBzwiyEeo,244,741
aKzDhrbeck,642,810
NSiCqdbNeR,621,396
HCbrUWPzaP,371,77
OxhTrvOUgY,309,206
OoZHHrZNPT,971,408
iUPPwoSXyy,721,843
YFoXgdKcGe,857,544
JbqIJdSUsO,781,760
BFAQJlzHBJ,188,872
ejlKVSKFYk,923,104
kezxFUqHlA,429,274
AcGhSTlHYz,995,272
JQtlklfkcz,887,289
eaAfYtgfuM,596,945
VHgFqULAWq,265,188
EEafqMUMXQ,480,369
uYLBgDWOkM,851,830
XYAYYXkbBO,985,297
CEQgbqzzEg,790,206
LuEReCbSzY,123,123
uTfARwfHRo,933,545
PFXIRKXIHB,285,566
LfWkPGVmSD,827,104
LBpFkNTPVF,349,318
IfyhSAzPDp,131,128
qwtFklHehF,540,735
zHcORMLdCk,662,827
srfoVzkfPJ,442,446
RrDWydPJiV,591,784
iooglIgMUB,803,138
heQkgIayjd,670,13
blUizByLiF,381,350
oiRYcRHTTs,358,167
HeQVlnesoF,892,390
KwqKprnjFa,333,259
HJxseOthXg,846,26
LpgBoHEbOt,190,892
fjfApXCIIW,424,458
KNedvjNzkh,580,392
jOOPPMBdVu,380,932
AOYkWeRDHU,894,556
edXLNsEpHN,850,457
vKHYveQzLu,822,708
LcCmbhVjnD,740,532
yPTYLnoLTI,706,695
tBoiFDZpoB,433,41
xrFxCYhhDF,371,1
mPqBCEWayR,894,750
wGbEVvcPOv,100,916
JECyYQzBHo,999,438
GIoFVBjAPc,896,588
fFxYdpXETx,470,59
wzvecunvOR,155,374
OuJfODGInn,729,481
gVsNHWHMmO,487,423
QRsnCxYbEo,451,933
gJtqJdckgI,472,44
vURVuCTvGX,138,123
LfErJwmnMk,358,994
DIQtNVYFJB,604,791
VAhmSQOMpN,468,481
fatiOOSFhl,764,269
QedhgiTGAG,657,685
oYmahEqJRb,455,590
XfmLwFiNNT,917,30
EipQSqvkPl,378,653
HcDIgnprGC,640,88
EgDBGNiQjw,919,685
mcyzIMhFBv,985,219
wxMyuwNRRH,945,717
kbEMwvCJrw,227,256
nCMOSiPNjD,987,694
KdeIyYbqKD,222,761
jOQTWxyBFP,991,862
mzCGtyatSe,984,456
WmiAeymIuh,181,624
jAlxHnWaCx,236,364
CTncezrRPA,110,944
kIXFHFjSjx,390,154
gInwZIarQW,763,631
EkkRjfaBAT,388,20
KKaGbcLsYr,859,32
RdVdebZUKl,656,546
zLGxHjdlMu,558,789
DWOFeVMFOR,247,814
xluMVGjhoP,373,853
IXDKcMbqMQ,704,739
hdBYnkAnZO,571,712
oogvrFbkpf,432,803
zSNCGGYKfA,703,745
EZCkOotCQD,646,509
nNCoxcQvMw,850,944
tetYMaceax,113,340
ILOdVUXAVK,674,648
kbjmUqpQuM,415,924
ThtiuBRWLS,323,326
gvIJTnblnD,681,344
TKBOALdbSD,217,210
pUOBpKMxgT,566,1
qKYQIFfimr,105,355
WJnQkTQfSa,467,542
wwTAydEYTs,263,485
TTmDSMGorL,611,578
YAVagUYjWu,780,84
BYoNcucilH,143,426
xSUUzmcaAd,389,129
hVqxIZJLRj,765,46
lBaTGpKFCF,421,962
NmrlTpJLTd,782,219
vpYIhzjkTi,774,183
QePtnhJZFO,491,517
xtoOVUTcqR,502,133
bCqAWFMNfC,832,648
VcZKieKYgA,397,108
ACnILUSvQn,800,791
ljlqFzVvvx,192,919
qeftovjFqI,628,542
XszyQkTcMh,633,119
Uiueiawlmw,668,65
vvlwNHgALE,438,504
xtJIoUrTmZ,240,710
EXnhpaoKoz,568,32
vPZkiyPNup,934,513
DJWKnNjEcW,390,200
QASyjMTOzS,845,112
gIXwmFyaRL,322,526
AEqNtsfIKs,225,494
eKoxotDnmH,829,761
xBoibnDeqe,825,278
mrVBTWdDIt,914,181
czfQoAyVeB,992,782
RIbVDepRKT,194,425
fWQqhBUYzG,709,61
KQEPvYhLcQ,801,451
DWuIMxvjNa,551,277
NYgtOVKiMt,451,973
iCGDdWMNff,334,686
vHFUgOMumX,958,107
iAXegFXuNR,716,979
HAIjsNYuPx,648,757
rcxVCuwsfF,407,595
RbJHDubWlP,488,939
dWSUpHvqGX,714,191
mgcPldVrbX,519,872
uDPVeJBSsi,130,685
eAMuGlxSTM,686,584
JrUwjFJbBY,360,524
haKOcARplX,556,592
XomsMolrjV,631,619
mLlAhfTExN,524,561
gwVcXQhTHd,851,551
pacJAlxCLh,483,615
GkGaGkZrmL,551,517
FWezUGkZSv,460,876
AAHqnQjiQy,993,963
JgobluBQHm,138,70
LRagrmiCSc,182,960
kcVYdrZATW,278,170
tlZZGrSmYk,792,270
DcJdDptHPM,205,51
KPmYgwyRkg,928,608
yNMoOlFyue,192,918
QivvLnyPWU,198,959
QevbhSNQrF,472,87
fSQTZVYgAv,632,408
XxcmLdDRqb,573,18
mVlxAbGpGN,677,266
XjlUzdemoS,974,406
bdlHApwnAI,369,346
xqDlWDSspc,842,915
IPMLWAMezj,806,782
MCpmscmcnr,453,170
NjpGvdOroi,327,961
aUaFNkeIFH,788,754
cJJPWiNIFz,227,542
qSSQiJIIfL,204,328
LinpzhtJmt,546,174
yThLGubPTe,360,796
CDtYNJWbJC,103,796
bkQewwlNvD,496,381
dZzzkmkQSq,973,44
ivzzJqqbiS,906,406
svpiqZcSQi,662,271
dokEmilIlr,736,933
KZEIxDUonc,911,7
MDiPkdJERy,248,891
asoObOiHmV,355,12
fjOKVhYPAZ,555,11
MiRpQAUQLV,124,81
IPzSSjwwZo,272,330
JezxdBWLWX,157,890
fFcFSoovpV,368,983
bWkodgtvRf,149,878
aAFWbONGEy,114,350
KqRfutCmxa,360,339
wecPLenFhu,555,359
OrasCBibBY,950,155
UinbckexHV,811,213
SMwUlyjSHt,769,64
hjtIbsqWvY,750,213
VMoLeMFHiK,682,818
xwOLVXkIaW,121,936
DCHpskVcuY,109,284
pcnXMOOldH,1000,556
AHyeUIBJqx,789,573
NbEzjUbZxD,252,357
xRNPjlzUgo,836,268
ipSfyvdhjz,582,628
vrfafWyRJm,981,899
lVvvsPhGFy,886,610
QGmxPyUKAd,530,223
PLPjghgDsH,500,403
flIZOgTIUO,667,946
qIZIzMIabz,186,32
QupaRgEcFg,524,350
fKWElgoDpx,484,701
lkyXtBjsvz,620,625
RFxMMpyZKl,634,980
OoxoRVaPfX,159,601
dUHXZwUHNE,814,392
riokHqpyNL,378,41
PutINiURVX,688,414
ilUaWZvXec,242,704
kRvLFqcoEn,120,635
IwHwyCoZcJ,449,214
GdJfZXuCtR,432,847
pMHZMJxLio,266,70
PpdkxZqIOH,687,504
FBhBNKCSkp,634,283
WAWciusuNI,569,633
mWNjBzPghr,678,642
NlMVYXBFCQ,477,407
luqOAdXTrW,646,143
VuWBtbjjjU,939,153
ChTGUCFnqy,228,370
JxJguiVaMU,504,853
tBxfuQePbC,976,752
JvUqcOzqoQ,432,600
eMIsiafLHf,540,244
buRDdeeHEi,190,541
UbZZePalvy,479,282
RMyKHcVtEF,367,96
jUEgkkhilT,622,892
kEnUVQWzKo,789,290
bhboygKBAf,127,244
fBqtJPnTYt,202,728
iwsgnaseYn,195,725
CwJymeZNiU,638,985
dIyoctXkwN,873,408
XrlaJqXOQn,412,483
VtArmekVDd,880,534
qjPYTttJsa,962,81
xjIqsMGmqn,551,773
kxfxrKKWjN,334,901
RFkjPFQxbJ,188,159
fzTatxlGnP,557,987
omwnXgovIg,963,600
AMbRmOCFsm,193,943
XwPCwmbJGr,950,688
VANJwHXIiC,921,142
lHyLcjDDGq,143,30
sfFXHEyKob,505,175
PfkWzxztGE,933,859
KHYPsLmNZn,775,832
EUuWcyBIhM,163,707
xhQoXKTLFl,358,197
eUFEbNMRPR,971,136
jjXjKBuIQH,697,397
xaRjzcHfnZ,544,173
dvAsflXxgI,399,762
VufubWSiFq,876,573
dzLMreFZLk,994,621
UApDUxKYES,876,743
tCsDWOeSOh,993,398
HlUVAkzdAM,247,103
ihkdTGNbPp,175,39
NZbCwVaneB,227,547
DuqGzHsFNq,969,865
NgtAYhBSWA,833,728
LkUPRAgAUJ,917,448
zptMZsFJOO,529,730
drwwUwEIQH,419,838
kqIQQgjhjG,597,904
BvmEWjxthT,663,28
CGYpaKSwyy,507,966
LcfcgXDOSw,113,718
AnrdkrfSba,137,585
BhIkUeEBUJ,108,866
ZtCqBRAJED,982,387
uJdsEgYTVN,701,624
guQJpxKOjH,884,280
bWzFpQQxCc,309,60
wvilqXtagJ,549,825
lpXFgSJlCD,767,245
NrzOPkPgvI,718,885
VbziLZXLtE,867,193
VwsIIPfCOr,755,242
rMWsBcaQqw,163,525
TFgTBFUCWg,563,449
UMClmcXpUR,105,444
SHGvaNBEGC,653,941
NOBdYtJkoA,236,831
vYyaWoSUcE,530,144
DbSonXSDHZ,596,639
PuJoBTcKCu,694,844
jOUpKsSIAW,567,894
bIEkLkWIkt,455,541
fhXxTdrcyp,105,325
ySNuUufWbI,913,7
sbFessCJLB,618,200
DTdodSZKmm,119,178
YDfGiriaID,251,550
hvUIxgBDFt,326,833
OxWHqdrgGE,966,809
nquyPHEwvC,392,450
LbJKFTXLyw,989,369
naxwReMWos,198,326
CDJjJiFdfF,195,143
rpMAQUjrEV,689,30
fMeswnTInQ,291,60
HXKrVBTJcy,883,550
nlLIwFrwrE,393,943
SfANhwYBTy,115,319
WtZmuSCJPU,545,606
XXnxgbZXnO,522,82
mrsdMYTWWv,182,766
NnadLJzJlI,264,138
kiJBWuMKoS,641,255
XCSnDlZKCT,950,614
IvjvFJXLyw,675,948
nSbZeyYGfc,149,38
VoJGZJrmuo,869,387
qHkZtRNZeL,556,823
enJsZrRMwu,111,48
NbaFPvhwAX,705,836
BqhKWBNOKm,837,243
nsJHRqlIWJ,829,477
VncARyCkls,841,22
zywcLDbwGv,548,17
UVBXgroRXX,379,55
fBUwdrGvtY,689,835
MmVoIfhnlt,612,4
krbsqNDhjn,183,698
EfStIItXfR,319,587
czzBmAfTCa,354,924
ljTRsxdCbR,780,217
nOeTLiwUNz,112,833
LLDHAGqMpQ,736,448
EKGNhppRmq,345,191
YwUWcZtIJN,685,731
VpGrPFwoCe,961,765
sXXrYvKPbW,516,697
WPnnxSEAIy,379,580
UGvXotGGnz,140,61
mPuqOQvbre,315,511
pMrbsxRRTE,539,462
QsNHsQISZm,138,435
NrVbsISJFD,267,939
qZyYHdjRIy,110,307
ucxSrgJsXN,801,288
oYpSqVQIdz,221,205
gXOgXDfMHB,694,445
eTJIIwILbP,615,275
WIqNgidKqf,982,171
STgduvvQRW,889,357
EaKNtxdLAi,582,623
qMWhhsDpBM,798,260
kNFwmxKuiO,945,957
ykdiAOCLxx,143,778
wkvUsnKHyx,681,750
EuhSODuhmF,821,545
zIjAYmQnNc,447,517
mAqXayQXpd,132,898
JQnHCiLpMh,513,356
VqscDNxkln,900,414
PHtIevgTWj,386,540
VHvjuxjiuU,265,831
xMIvGqwuGT,546,44
fFZLKTBDSH,164,89
fmYgTQOuxm,722,628
yUFUtDyuZu,654,484
TijNGWxhEH,596,51
hEnlTJjKkL,439,66
YSIpBPmLbu,613,413
embzwOIknx,986,182
zawAhAcTkE,522,946
nGPSTkzzEi,623,675
MiJcNKHyWW,460,538
VlmJSPJUWm,580,895
xXOMmHoTdH,600,392
MocJygwLJq,634,324
DThWWlHQJN,518,789
TsGvHSuwXM,474,780
kpTdSDjaYs,229,558
osQQNvQxpL,514,714
IRraYUvdOx,106,803
UFzHaChgWG,885,13
UYIQddekxI,213,250
gMbFregcls,586,462
rLqXWkbhUH,768,143
rrOqBYJPIB,555,17
JycwysHWfv,883,571
uejqbCJWdo,262,353
eFgVbBpLOX,254,725
PfJKtlxpfi,220,881
ZeggwMooOx,451,822
DSnuGTBqxe,321,961
kcIqUhSMMG,917,277
bieKvkExos,327,397
eHRVJADUyQ,428,176
hEzMrZAPYL,881,998
tnyPgTiAQt,710,150
jzWUgwnRMz,877,867
SKQpzILnSS,380,321
IRFmzgFeHW,672,876
CTIcUCqFEU,949,324
SiiWmxhmtV,441,609
EDSRpfHldN,471,181
GxQMsIVzyl,343,999
YzDEXOJCmC,599,757
KBWwOmZnjW,533,647
TQnWguWkpL,406,430
IbTJSrEXyY,770,621
kJZdVIdITa,433,158
NsvfUAMaqK,146,925
KZYoiWpsJs,302,612
cPTqxbEFCR,669,273
PgVgRqjxUu,274,440
IQFzbluBjR,447,350
CZvhdSGWRU,701,335
kRhPRygYYR,155,394
VwSNBQjRUC,541,282
NkBGbKVnbV,879,863
TSNIIRaheY,946,535
bEPDIeuVzp,588,349
GUtMyCzzgU,555,623
WWgreneZMu,665,736
uuUYQcWDkT,836,948
zKolQsTWeJ,169,992
JKzBSTDoSl,630,431
hlMWjPZeUM,107,67
febvXsjpSm,190,970
DxiRnSLXhH,902,887
xaVSdLXRbZ,104,53
jMRxNmdnNl,272,340
kAALrgSaiD,636,262
fqcOxjHvQW,388,738
ErzGZYzFdD,316,71
oMzcFKvJdz,748,692
YspUQvlvFW,909,864
zgNfcamqVa,285,137
mzRKivmLXz,123,848
MDuYsMdMfT,736,172
iukCIqthKj,100,668
PwdkUDMNyz,579,327
axHixiwdVO,835,961
ZhnyLXddov,839,161
gUwtRTFKtN,608,247
TShtPfonOb,779,240
nvCtmAypIt,520,404
XotoZabdVv,381,480
TjOlVetHNr,234,170
aUZpWmaqVr,738,750
eiqCqwnCzY,486,760
qFDPkTQwvd,731,662
jVmtyMGDnv,201,149
vaNxkBNefg,607,401
zNGnerhltY,318,257
bwetGPvyPj,881,603
lurjSbPRjY,429,546
LGHsSEWvnt,892,14
jtCatGJZjI,776,554
YFyOEoVwwb,930,87
PZHdtlBELx,508,539
QgbGTzKCJI,290,222
ZYnDlBochF,640,846
lEvSNSnyMh,751,250
XTunMxGdiL,251,821
WMvfnvIfhU,279,3
aPBVVrWCmU,477,744
fvblIdzEdu,100,141
SbMddkvSAf,107,335
tNPUUFPAfr,821,560
yUoAYnpdGu,347,646
wvpScdMNhF,397,312
hZWyrRSDoR,831,283
bUbcDHEPwK,324,497
QGHBJvSguh,104,591
PVcehDmmYV,632,839
tTKFYpUiBz,574,87
ljVfvGflAK,166,138
qFoTSOHVjj,880,169
INJWMqGwNY,752,711
tDZumiynvf,932,316
zfXQxYwwyK,423,32
ypYDDKpcTP,448,547
csBUroTYLo,273,714
LMEBiAMrJA,677,637
dAbDUjVTIe,199,966
kjyuyFZiko,543,130
GkTeZCttid,552,627
rFSAxTmzNn,108,793
mpPWohnOIi,779,191
XljwTlQBPl,575,504
hbFTquGwhO,533,246
nueFiMRqSc,369,803
EwMuDlhmTI,325,165
wUQdXsOYGq,437,941
CQYjUveezZ,886,796
FUokWGmSmH,868,605
MAALPFoWSy,866,694
QiIbaNbJce,213,187
TCwhYwLzOn,678,749
kWoNeLjVoq,236,383
iaAiomkqPi,123,609
GjlIHXAKnw,375,242
xjYNDreibC,458,158
pLywXQSrtz,306,628
HvfIHkNDbf,976,223
OFIyubMmCY,764,53
ZrHQqFPRhS,779,890
afOfitcWLv,435,953
aBdWSLhbrR,719,228
erBEyLZOdU,838,307
fRiXbJdERh,861,568
pYIHvnOzLJ,246,55
DXYVLaBcTJ,646,643
NUbUInfXcv,212,977
eQMTJTaKSm,377,561
CFrPvcnCxo,964,801
XsROIKaxbm,490,676
rJOCEaslrY,554,458
jvNrxIoKLk,226,436
GAeIBklqVw,920,150
NwTqnyyaRs,187,599
SyZkynVhHz,291,531
zqheLfxCvI,853,373
MhDXbfNqCl,840,742
rrvypZhVDo,433,338
qJshvQYUcJ,837,995
IewmnEPYsr,131,915
nOGnaWrGjc,533,611
DIetRVwTKF,431,676
BwLLpyrXFQ,330,744
CsbIdxokCQ,677,681
JVaYCrPGNH,940,608
uumAQWWpRc,837,79
kdXEUNiVce,461,859
lnyvPtWiFk,855,895
DjIGTocVjC,665,407
fHzXRHseMC,908,269
QCVMEKHbnn,979,555
rdTbHnprUa,379,789
PMyFnTvCvJ,545,346
xhFyrfjdOV,156,533
yFErfJAPID,480,79
ufWGcLWcsh,314,589
vbNmRSMumi,673,47
lzRIMIvmSQ,930,10
dSSHiLMTAa,684,635
yOMlFsCHst,891,167
WzyXerNBUj,442,37
bRjWhBhYpC,567,879
icfmGfdVGw,639,937
pFmODbHVIA,884,903
FtQKDnUFGA,265,741
LhcFAidShF,744,418
wtKUgzDCgK,521,490
gjocnMPbJx,781,485
sJwIMlYOPD,601,407
iwYDFnNaXR,686,161
MPbFoJCsol,467,9
BhKekvBwAj,776,108
sKRsRdHaRm,432,185
HhNjnxrDqT,120,143
XkFYWSqdwm,352,557
EMrnZcjqBf,611,44
ATNdVLmnjy,779,787
iolleRQGHg,595,913
pkNmmcKVXK,773,390
QIIdvfhvew,632,823
pxucVLhHCq,462,463
LJWKFZmnyn,106,610
exMwrlZxUO,297,788
kFlTNIvBMX,851,503
wUnAfXkbsn,100,825
rOBHCSYrKT,231,30
xYOspuoLny,161,305
gMWwWPJAxn,412,320
wpvBfiiJyA,800,883
adlqOydBKn,571,673
yNNLPExzhv,891,694
VQTDkSJsCk,197,55
KfRAaKgAcG,328,657
NabscSzJSS,623,591
tTHLoFWetR,934,334
PlZmvxlopP,542,104
mCtZuYhIYu,597,180
UhfpSCMQwY,320,794
OCdHEaKLtx,415,887
ZPVEojXwhQ,733,962
dRHalicjHB,286,366
CefLzYUnMZ,546,362
xjLCdENATm,448,687
QTWEtGAOHp,177,918
UYscToWVqw,536,797
TvYAOHNdFw,736,357
lWhoBKxaeb,616,222
oDcwgfIySK,140,524
IZTVbBOzia,939,707
RGQULRHKnt,950,787
VZdDoAnNUA,123,363
bluouptNGa,429,202
BTdKLrMMts,549,254
XtogYtyaMp,300,26
ccxPAragzu,638,847
UlfOoyHCWD,647,307
SpZbHvYpeH,676,922
KVFilrpDKH,151,431
dHbXurYhXZ,760,843
ywMEimUWJW,951,373
OIqfvIinEx,398,112
dorgvGKwmG,443,760
THHtatRkdN,135,200
hqIPuUphQR,582,223
OIKVIUuFTU,552,241
GqJXNEFSfA,155,199
FIWFKQpwNs,797,142
fXaPRqjodI,482,865
UnEIvoRvQN,379,332
aVdkvUAikO,267,805
sVPwoegAuR,503,401
kFbjbPRFjx,617,598
vpQLpkoAYx,155,334
dqSdZmmCoz,927,894
UpcfYJzmeQ,442,277
wWWpkznLGb,812,532
yeLhXatVah,927,300
sSPhrYkgMz,513,491
AOXOPgZhZi,429,649
BBTPPUjpfG,190,40
jhDWVYMxeE,247,759
CZsZqobGhK,882,715
nKlHFRTOes,314,766
xHiwPcBcsh,992,385
hcgNyFbMIM,168,830
zeqvjUyvVY,528,118
mFVcewsjLF,800,535
gNSrGWuEwO,980,750
oeuwawycRD,545,77
EVsNVdJsth,956,428
fKrpxHDcuY,223,28
jbouhfXFLf,881,700
ZowSdWkrEB,237,599
RdTHnWhRLZ,468,160
FMqRsYDwSj,520,115
lBfymsAjoN,820,410
zWxgpivnzS,469,460
OWpDcWaojz,969,151
CiGBsZAKSN,473,686
DyygITlNRb,995,943
YfxpaKVNIB,889,884
XGyEEBqLWx,319,444
jxffiIyBpr,767,387
ESflTDbEmL,475,322
yBthqwTDqY,964,383
fIsbACPdgW,651,974
RYGcgQIIwH,604,33
bmzBBrTmEz,590,386
QyhiQwoIVQ,873,953
mhBETTJtaB,243,661
ryXieckpMH,811,617
RqQuYcgHKP,217,456
oqdicDSQyG,486,147
GVuwjWutBw,158,522
QXDHLEcdUB,939,892
cbVmxcAxFP,251,670
